{"id":"902242","name":"blog","font_family":"iconfont","css_prefix_text":"icon-","description":"","glyphs":[{"icon_id":"6557075","name":"JAVA","font_class":"JAVA","unicode":"e61c","unicode_decimal":58908},{"icon_id":"2132556","name":"统计","font_class":"tongji","unicode":"e64a","unicode_decimal":58954},{"icon_id":"13124341","name":"学习管理","font_class":"xuexiguanli-","unicode":"e606","unicode_decimal":58886},{"icon_id":"3506983","name":"csdn","font_class":"csdn","unicode":"e600","unicode_decimal":58880}]}